constructorImgUrl,driverId
https://pitwall.app/rails/active_storage/representations/eyJfcmFpbHMiOnsibWVzc2FnZSI6IkJBaHBPZz09IiwiZXhwIjpudWxsLCJwdXIiOiJibG9iX2lkIn19--7efec4f2d33f756beafe4822844a561b9137b289/eyJfcmFpbHMiOnsibWVzc2FnZSI6IkJBaDdCam9VWTI5dFltbHVaVjl2Y0hScGIyNXpld2c2REdkeVlYWnBkSGxKSWc1T2IzSjBhRmRsYzNRR09nWkZWRG9KWTNKdmNFa2lHRGN3TUM0d2VEY3dNQzR3S3pBdU1Dc3dMakFHT3dkVU9ndHlaWE5wZW1WSklndzJNREI0TmpBd0Jqc0hWQT09IiwiZXhwIjpudWxsLCJwdXIiOiJ2YXJpYXRpb24ifX0=--34e87a7a6968162a6e6f4d164aee7ee3d4cfbf94/mclaren.png,1
https://www.svgrepo.com/show/508699/landscape-placeholder.svg,2
https://pitwall.app/rails/active_storage/representations/eyJfcmFpbHMiOnsibWVzc2FnZSI6IkJBaHBOdz09IiwiZXhwIjpudWxsLCJwdXIiOiJibG9iX2lkIn19--4370e81d13d039ec222fa851cd7271becce20bd9/eyJfcmFpbHMiOnsibWVzc2FnZSI6IkJBaDdCam9VWTI5dFltbHVaVjl2Y0hScGIyNXpld2c2REdkeVlYWnBkSGxKSWc1T2IzSjBhRmRsYzNRR09nWkZWRG9KWTNKdmNFa2lHakU1TWpBdU1IZ3hPVEl3TGpBck1DNHdLekF1TUFZN0IxUTZDM0psYzJsNlpVa2lERFl3TUhnMk1EQUdPd2RVIiwiZXhwIjpudWxsLCJwdXIiOiJ2YXJpYXRpb24ifX0=--708e84ba1c82d270213b950d762fce65a3ee3f4b/williams.jpg,3
https://pitwall.app/rails/active_storage/representations/eyJfcmFpbHMiOnsibWVzc2FnZSI6IkJBaHBSQT09IiwiZXhwIjpudWxsLCJwdXIiOiJibG9iX2lkIn19--3d1a3e3f7917cf464034cafb6314b050cba5778b/eyJfcmFpbHMiOnsibWVzc2FnZSI6IkJBaDdCam9VWTI5dFltbHVaVjl2Y0hScGIyNXpld2c2REdkeVlYWnBkSGxKSWc1T2IzSjBhRmRsYzNRR09nWkZWRG9KWTNKdmNFa2lHakUwTURBdU1IZ3hOREF3TGpBck1DNHdLekF1TUFZN0IxUTZDM0psYzJsNlpVa2lERFl3TUhnMk1EQUdPd2RVIiwiZXhwIjpudWxsLCJwdXIiOiJ2YXJpYXRpb24ifX0=--2bf45af91e3b40465d967c7cbfd3ba01d534fd48/renault.png,4
https://pitwall.app/rails/active_storage/representations/eyJfcmFpbHMiOnsibWVzc2FnZSI6IkJBaHBTUT09IiwiZXhwIjpudWxsLCJwdXIiOiJibG9iX2lkIn19--45ba115835d549dd864eb83af1ba40c01daa1b72/eyJfcmFpbHMiOnsibWVzc2FnZSI6IkJBaDdCam9VWTI5dFltbHVaVjl2Y0hScGIyNXpld2c2REdkeVlYWnBkSGxKSWc1T2IzSjBhRmRsYzNRR09nWkZWRG9KWTNKdmNFa2lHakkzTURBdU1IZ3lOekF3TGpBck1DNHdLekF1TUFZN0IxUTZDM0psYzJsNlpVa2lERFl3TUhnMk1EQUdPd2RVIiwiZXhwIjpudWxsLCJwdXIiOiJ2YXJpYXRpb24ifX0=--bbf5a0405fab258b8d16b31980a7e282db48d78d/toro_rosso.png,5
https://pitwall.app/rails/active_storage/representations/eyJfcmFpbHMiOnsibWVzc2FnZSI6IkJBaHBMdz09IiwiZXhwIjpudWxsLCJwdXIiOiJibG9iX2lkIn19--1bfb69d73b96ffec202220bd0ba85b145e90f1e4/eyJfcmFpbHMiOnsibWVzc2FnZSI6IkJBaDdCam9VWTI5dFltbHVaVjl2Y0hScGIyNXpld2c2REdkeVlYWnBkSGxKSWc1T2IzSjBhRmRsYzNRR09nWkZWRG9KWTNKdmNFa2lHRGsyTUM0d2VEazJNQzR3S3pBdU1Dc3dMakFHT3dkVU9ndHlaWE5wZW1WSklndzJNREI0TmpBd0Jqc0hWQT09IiwiZXhwIjpudWxsLCJwdXIiOiJ2YXJpYXRpb24ifX0=--2e86fba233820e2541744ca844fac94a693244b6/ferrari.png,6
https://www.svgrepo.com/show/508699/landscape-placeholder.svg,7
https://www.svgrepo.com/show/508699/landscape-placeholder.svg,8
https://pitwall.app/rails/active_storage/representations/eyJfcmFpbHMiOnsibWVzc2FnZSI6IkJBaHBNQT09IiwiZXhwIjpudWxsLCJwdXIiOiJibG9iX2lkIn19--01c582d0ba6c19d04eb5fea5b1aca704b00e05a0/eyJfcmFpbHMiOnsibWVzc2FnZSI6IkJBaDdCam9VWTI5dFltbHVaVjl2Y0hScGIyNXpld2c2REdkeVlYWnBkSGxKSWc1T2IzSjBhRmRsYzNRR09nWkZWRG9KWTNKdmNFa2lHakV3T0RBdU1IZ3hNRGd3TGpBck1DNHdLekF1TUFZN0IxUTZDM0psYzJsNlpVa2lERFl3TUhnMk1EQUdPd2RVIiwiZXhwIjpudWxsLCJwdXIiOiJ2YXJpYXRpb24ifX0=--17824c18e6bf256dfe9639a2dbe76a308b5c7d52/red_bull_racing.png,9
https://www.svgrepo.com/show/508699/landscape-placeholder.svg,10
https://www.svgrepo.com/show/508699/landscape-placeholder.svg,11
https://www.svgrepo.com/show/508699/landscape-placeholder.svg,12
https://www.svgrepo.com/show/508699/landscape-placeholder.svg,13
https://www.svgrepo.com/show/508699/landscape-placeholder.svg,14
https://www.svgrepo.com/show/508699/landscape-placeholder.svg,15
https://www.svgrepo.com/show/508699/landscape-placeholder.svg,16
https://www.svgrepo.com/show/508699/landscape-placeholder.svg,17
https://www.svgrepo.com/show/508699/landscape-placeholder.svg,18
https://www.svgrepo.com/show/508699/landscape-placeholder.svg,19
https://www.svgrepo.com/show/508699/landscape-placeholder.svg,20
https://www.svgrepo.com/show/508699/landscape-placeholder.svg,21
https://pitwall.app/rails/active_storage/representations/eyJfcmFpbHMiOnsibWVzc2FnZSI6IkJBaHBTQT09IiwiZXhwIjpudWxsLCJwdXIiOiJibG9iX2lkIn19--54b530498fa227696e1a759b287caf6096dcaf99/eyJfcmFpbHMiOnsibWVzc2FnZSI6IkJBaDdCam9VWTI5dFltbHVaVjl2Y0hScGIyNXpld2c2REdkeVlYWnBkSGxKSWc1T2IzSjBhRmRsYzNRR09nWkZWRG9KWTNKdmNFa2lHalV3TURBdU1IZzFNREF3TGpBck1DNHdLekF1TUFZN0IxUTZDM0psYzJsNlpVa2lERFl3TUhnMk1EQUdPd2RVIiwiZXhwIjpudWxsLCJwdXIiOiJ2YXJpYXRpb24ifX0=--13e6a30408b530ef5cb5546a2ece15fcd8df6672/benetton.png,22
https://www.svgrepo.com/show/508699/landscape-placeholder.svg,23
https://www.svgrepo.com/show/508699/landscape-placeholder.svg,24
https://www.svgrepo.com/show/508699/landscape-placeholder.svg,25
https://www.svgrepo.com/show/508699/landscape-placeholder.svg,26
https://www.svgrepo.com/show/508699/landscape-placeholder.svg,27
https://www.svgrepo.com/show/508699/landscape-placeholder.svg,28
https://www.svgrepo.com/show/508699/landscape-placeholder.svg,29
https://www.svgrepo.com/show/508699/landscape-placeholder.svg,30
https://www.svgrepo.com/show/508699/landscape-placeholder.svg,31
https://www.svgrepo.com/show/508699/landscape-placeholder.svg,32
https://www.svgrepo.com/show/508699/landscape-placeholder.svg,33
https://www.svgrepo.com/show/508699/landscape-placeholder.svg,34
https://www.svgrepo.com/show/508699/landscape-placeholder.svg,35
https://www.svgrepo.com/show/508699/landscape-placeholder.svg,36
https://www.svgrepo.com/show/508699/landscape-placeholder.svg,37
https://www.svgrepo.com/show/508699/landscape-placeholder.svg,38
https://www.svgrepo.com/show/508699/landscape-placeholder.svg,39
https://www.svgrepo.com/show/508699/landscape-placeholder.svg,40
https://www.svgrepo.com/show/508699/landscape-placeholder.svg,41
https://www.svgrepo.com/show/508699/landscape-placeholder.svg,42
https://www.svgrepo.com/show/508699/landscape-placeholder.svg,44
https://www.svgrepo.com/show/508699/landscape-placeholder.svg,45
https://www.svgrepo.com/show/508699/landscape-placeholder.svg,46
https://www.svgrepo.com/show/508699/landscape-placeholder.svg,47
https://www.svgrepo.com/show/508699/landscape-placeholder.svg,48
https://www.svgrepo.com/show/508699/landscape-placeholder.svg,49
https://www.svgrepo.com/show/508699/landscape-placeholder.svg,50
https://pitwall.app/rails/active_storage/representations/eyJfcmFpbHMiOnsibWVzc2FnZSI6IkJBaHBNZz09IiwiZXhwIjpudWxsLCJwdXIiOiJibG9iX2lkIn19--faf84bb2c4162f3a3285bed20c26ca6c4e8c04c1/eyJfcmFpbHMiOnsibWVzc2FnZSI6IkJBaDdCam9VWTI5dFltbHVaVjl2Y0hScGIyNXpld2c2REdkeVlYWnBkSGxKSWc1T2IzSjBhRmRsYzNRR09nWkZWRG9KWTNKdmNFa2lKRGMwTUM0d2VEYzBNQzR3S3pJeE1pNHdPREl6TXprMU1qUTJNU3N3TGpBR093ZFVPZ3R5WlhOcGVtVkpJZ3cyTURCNE5qQXdCanNIVkE9PSIsImV4cCI6bnVsbCwicHVyIjoidmFyaWF0aW9uIn19--e734da4eeb54d40ac540432d14025db1e0a7d776/alfa_romeo.jpeg,51
https://www.svgrepo.com/show/508699/landscape-placeholder.svg,52
https://www.svgrepo.com/show/508699/landscape-placeholder.svg,53
https://www.svgrepo.com/show/508699/landscape-placeholder.svg,54
https://www.svgrepo.com/show/508699/landscape-placeholder.svg,55
https://www.svgrepo.com/show/508699/landscape-placeholder.svg,56
https://www.svgrepo.com/show/508699/landscape-placeholder.svg,57
https://www.svgrepo.com/show/508699/landscape-placeholder.svg,58
https://www.svgrepo.com/show/508699/landscape-placeholder.svg,59
https://www.svgrepo.com/show/508699/landscape-placeholder.svg,60
https://www.svgrepo.com/show/508699/landscape-placeholder.svg,61
https://www.svgrepo.com/show/508699/landscape-placeholder.svg,62
https://www.svgrepo.com/show/508699/landscape-placeholder.svg,63
https://www.svgrepo.com/show/508699/landscape-placeholder.svg,64
https://www.svgrepo.com/show/508699/landscape-placeholder.svg,65
https://www.svgrepo.com/show/508699/landscape-placeholder.svg,66
https://www.svgrepo.com/show/508699/landscape-placeholder.svg,67
https://www.svgrepo.com/show/508699/landscape-placeholder.svg,68
https://www.svgrepo.com/show/508699/landscape-placeholder.svg,69
https://www.svgrepo.com/show/508699/landscape-placeholder.svg,70
https://www.svgrepo.com/show/508699/landscape-placeholder.svg,71
https://www.svgrepo.com/show/508699/landscape-placeholder.svg,72
https://www.svgrepo.com/show/508699/landscape-placeholder.svg,73
https://www.svgrepo.com/show/508699/landscape-placeholder.svg,74
https://www.svgrepo.com/show/508699/landscape-placeholder.svg,75
https://www.svgrepo.com/show/508699/landscape-placeholder.svg,76
https://www.svgrepo.com/show/508699/landscape-placeholder.svg,77
https://www.svgrepo.com/show/508699/landscape-placeholder.svg,78
https://www.svgrepo.com/show/508699/landscape-placeholder.svg,79
https://www.svgrepo.com/show/508699/landscape-placeholder.svg,80
https://www.svgrepo.com/show/508699/landscape-placeholder.svg,81
https://www.svgrepo.com/show/508699/landscape-placeholder.svg,82
https://www.svgrepo.com/show/508699/landscape-placeholder.svg,83
https://www.svgrepo.com/show/508699/landscape-placeholder.svg,84
https://www.svgrepo.com/show/508699/landscape-placeholder.svg,85
https://www.svgrepo.com/show/508699/landscape-placeholder.svg,86
https://www.svgrepo.com/show/508699/landscape-placeholder.svg,87
https://www.svgrepo.com/show/508699/landscape-placeholder.svg,89
https://www.svgrepo.com/show/508699/landscape-placeholder.svg,90
https://www.svgrepo.com/show/508699/landscape-placeholder.svg,91
https://www.svgrepo.com/show/508699/landscape-placeholder.svg,92
https://www.svgrepo.com/show/508699/landscape-placeholder.svg,93
https://www.svgrepo.com/show/508699/landscape-placeholder.svg,94
https://www.svgrepo.com/show/508699/landscape-placeholder.svg,95
https://www.svgrepo.com/show/508699/landscape-placeholder.svg,96
https://www.svgrepo.com/show/508699/landscape-placeholder.svg,97
https://www.svgrepo.com/show/508699/landscape-placeholder.svg,98
https://www.svgrepo.com/show/508699/landscape-placeholder.svg,99
https://www.svgrepo.com/show/508699/landscape-placeholder.svg,100
https://www.svgrepo.com/show/508699/landscape-placeholder.svg,101
https://www.svgrepo.com/show/508699/landscape-placeholder.svg,102
https://www.svgrepo.com/show/508699/landscape-placeholder.svg,103
https://www.svgrepo.com/show/508699/landscape-placeholder.svg,104
https://www.svgrepo.com/show/508699/landscape-placeholder.svg,105
https://www.svgrepo.com/show/508699/landscape-placeholder.svg,106
https://www.svgrepo.com/show/508699/landscape-placeholder.svg,107
https://www.svgrepo.com/show/508699/landscape-placeholder.svg,108
https://www.svgrepo.com/show/508699/landscape-placeholder.svg,109
https://www.svgrepo.com/show/508699/landscape-placeholder.svg,110
https://www.svgrepo.com/show/508699/landscape-placeholder.svg,111
https://www.svgrepo.com/show/508699/landscape-placeholder.svg,112
https://www.svgrepo.com/show/508699/landscape-placeholder.svg,113
https://www.svgrepo.com/show/508699/landscape-placeholder.svg,114
https://www.svgrepo.com/show/508699/landscape-placeholder.svg,115
https://www.svgrepo.com/show/508699/landscape-placeholder.svg,116
https://pitwall.app/rails/active_storage/representations/eyJfcmFpbHMiOnsibWVzc2FnZSI6IkJBaHBNdz09IiwiZXhwIjpudWxsLCJwdXIiOiJibG9iX2lkIn19--732445dbe268c94576a58ec0797db4bc646d9eee/eyJfcmFpbHMiOnsibWVzc2FnZSI6IkJBaDdCam9VWTI5dFltbHVaVjl2Y0hScGIyNXpld2c2REdkeVlYWnBkSGxKSWc1T2IzSjBhRmRsYzNRR09nWkZWRG9KWTNKdmNFa2lKVGN5TUM0d2VEY3lNQzR3S3pJNE5pNDJOakk0TkRjMk9UTXpOVEVyTUM0d0Jqc0hWRG9MY21WemFYcGxTU0lNTmpBd2VEWXdNQVk3QjFRPSIsImV4cCI6bnVsbCwicHVyIjoidmFyaWF0aW9uIn19--a920697ada42084ea68a6ba0501af53a86142d16/aston_martin.png,117
https://www.svgrepo.com/show/508699/landscape-placeholder.svg,118
https://www.svgrepo.com/show/508699/landscape-placeholder.svg,119
https://www.svgrepo.com/show/508699/landscape-placeholder.svg,120
https://www.svgrepo.com/show/508699/landscape-placeholder.svg,121
https://www.svgrepo.com/show/508699/landscape-placeholder.svg,122
https://www.svgrepo.com/show/508699/landscape-placeholder.svg,123
https://www.svgrepo.com/show/508699/landscape-placeholder.svg,124
https://www.svgrepo.com/show/508699/landscape-placeholder.svg,125
https://www.svgrepo.com/show/508699/landscape-placeholder.svg,126
https://www.svgrepo.com/show/508699/landscape-placeholder.svg,127
https://www.svgrepo.com/show/508699/landscape-placeholder.svg,128
https://www.svgrepo.com/show/508699/landscape-placeholder.svg,129
https://www.svgrepo.com/show/508699/landscape-placeholder.svg,130
https://pitwall.app/rails/active_storage/representations/eyJfcmFpbHMiOnsibWVzc2FnZSI6IkJBaHBPQT09IiwiZXhwIjpudWxsLCJwdXIiOiJibG9iX2lkIn19--a02baf534e85a535bd565ca82bd465c8e53ec262/eyJfcmFpbHMiOnsibWVzc2FnZSI6IkJBaDdCam9VWTI5dFltbHVaVjl2Y0hScGIyNXpld2c2REdkeVlYWnBkSGxKSWc1T2IzSjBhRmRsYzNRR09nWkZWRG9KWTNKdmNFa2lHakU1TWpBdU1IZ3hPVEl3TGpBck1DNHdLekF1TUFZN0IxUTZDM0psYzJsNlpVa2lERFl3TUhnMk1EQUdPd2RVIiwiZXhwIjpudWxsLCJwdXIiOiJ2YXJpYXRpb24ifX0=--708e84ba1c82d270213b950d762fce65a3ee3f4b/mercedes.jpg,131
https://www.svgrepo.com/show/508699/landscape-placeholder.svg,132
https://www.svgrepo.com/show/508699/landscape-placeholder.svg,133
https://www.svgrepo.com/show/508699/landscape-placeholder.svg,134
https://www.svgrepo.com/show/508699/landscape-placeholder.svg,135
https://www.svgrepo.com/show/508699/landscape-placeholder.svg,136
https://www.svgrepo.com/show/508699/landscape-placeholder.svg,137
https://www.svgrepo.com/show/508699/landscape-placeholder.svg,138
https://www.svgrepo.com/show/508699/landscape-placeholder.svg,139
https://www.svgrepo.com/show/508699/landscape-placeholder.svg,140
https://www.svgrepo.com/show/508699/landscape-placeholder.svg,141
https://www.svgrepo.com/show/508699/landscape-placeholder.svg,142
https://www.svgrepo.com/show/508699/landscape-placeholder.svg,143
https://www.svgrepo.com/show/508699/landscape-placeholder.svg,144
https://www.svgrepo.com/show/508699/landscape-placeholder.svg,145
https://www.svgrepo.com/show/508699/landscape-placeholder.svg,146
https://www.svgrepo.com/show/508699/landscape-placeholder.svg,147
https://www.svgrepo.com/show/508699/landscape-placeholder.svg,148
https://www.svgrepo.com/show/508699/landscape-placeholder.svg,149
https://www.svgrepo.com/show/508699/landscape-placeholder.svg,150
https://www.svgrepo.com/show/508699/landscape-placeholder.svg,151
https://www.svgrepo.com/show/508699/landscape-placeholder.svg,152
https://www.svgrepo.com/show/508699/landscape-placeholder.svg,153
https://www.svgrepo.com/show/508699/landscape-placeholder.svg,154
https://www.svgrepo.com/show/508699/landscape-placeholder.svg,155
https://www.svgrepo.com/show/508699/landscape-placeholder.svg,156
https://www.svgrepo.com/show/508699/landscape-placeholder.svg,157
https://www.svgrepo.com/show/508699/landscape-placeholder.svg,158
https://www.svgrepo.com/show/508699/landscape-placeholder.svg,159
https://www.svgrepo.com/show/508699/landscape-placeholder.svg,160
https://www.svgrepo.com/show/508699/landscape-placeholder.svg,161
https://www.svgrepo.com/show/508699/landscape-placeholder.svg,162
https://www.svgrepo.com/show/508699/landscape-placeholder.svg,163
https://www.svgrepo.com/show/508699/landscape-placeholder.svg,164
https://www.svgrepo.com/show/508699/landscape-placeholder.svg,167
https://www.svgrepo.com/show/508699/landscape-placeholder.svg,166
https://www.svgrepo.com/show/508699/landscape-placeholder.svg,168
https://www.svgrepo.com/show/508699/landscape-placeholder.svg,169
https://www.svgrepo.com/show/508699/landscape-placeholder.svg,170
https://www.svgrepo.com/show/508699/landscape-placeholder.svg,171
https://www.svgrepo.com/show/508699/landscape-placeholder.svg,172
https://www.svgrepo.com/show/508699/landscape-placeholder.svg,173
https://www.svgrepo.com/show/508699/landscape-placeholder.svg,174
https://www.svgrepo.com/show/508699/landscape-placeholder.svg,175
https://www.svgrepo.com/show/508699/landscape-placeholder.svg,176
https://www.svgrepo.com/show/508699/landscape-placeholder.svg,177
https://www.svgrepo.com/show/508699/landscape-placeholder.svg,178
https://www.svgrepo.com/show/508699/landscape-placeholder.svg,179
https://www.svgrepo.com/show/508699/landscape-placeholder.svg,180
https://www.svgrepo.com/show/508699/landscape-placeholder.svg,181
https://www.svgrepo.com/show/508699/landscape-placeholder.svg,182
https://www.svgrepo.com/show/508699/landscape-placeholder.svg,183
https://www.svgrepo.com/show/508699/landscape-placeholder.svg,184
https://www.svgrepo.com/show/508699/landscape-placeholder.svg,185
https://www.svgrepo.com/show/508699/landscape-placeholder.svg,186
https://www.svgrepo.com/show/508699/landscape-placeholder.svg,187
https://www.svgrepo.com/show/508699/landscape-placeholder.svg,188
https://www.svgrepo.com/show/508699/landscape-placeholder.svg,189
https://www.svgrepo.com/show/508699/landscape-placeholder.svg,190
https://www.svgrepo.com/show/508699/landscape-placeholder.svg,191
https://www.svgrepo.com/show/508699/landscape-placeholder.svg,192
https://www.svgrepo.com/show/508699/landscape-placeholder.svg,193
https://www.svgrepo.com/show/508699/landscape-placeholder.svg,194
https://www.svgrepo.com/show/508699/landscape-placeholder.svg,195
https://www.svgrepo.com/show/508699/landscape-placeholder.svg,196
https://www.svgrepo.com/show/508699/landscape-placeholder.svg,197
https://www.svgrepo.com/show/508699/landscape-placeholder.svg,198
https://www.svgrepo.com/show/508699/landscape-placeholder.svg,199
https://www.svgrepo.com/show/508699/landscape-placeholder.svg,200
https://www.svgrepo.com/show/508699/landscape-placeholder.svg,201
https://www.svgrepo.com/show/508699/landscape-placeholder.svg,202
https://www.svgrepo.com/show/508699/landscape-placeholder.svg,203
https://www.svgrepo.com/show/508699/landscape-placeholder.svg,204
https://www.svgrepo.com/show/508699/landscape-placeholder.svg,205
https://www.svgrepo.com/show/508699/landscape-placeholder.svg,206
https://www.svgrepo.com/show/508699/landscape-placeholder.svg,207
https://www.svgrepo.com/show/508699/landscape-placeholder.svg,208
https://www.svgrepo.com/show/508699/landscape-placeholder.svg,209
https://pitwall.app/rails/active_storage/representations/eyJfcmFpbHMiOnsibWVzc2FnZSI6IkJBaHBUUT09IiwiZXhwIjpudWxsLCJwdXIiOiJibG9iX2lkIn19--c90b37772dac2ce6296bed9c957cdb0e506cb43b/eyJfcmFpbHMiOnsibWVzc2FnZSI6IkJBaDdCam9VWTI5dFltbHVaVjl2Y0hScGIyNXpld2c2REdkeVlYWnBkSGxKSWc1T2IzSjBhRmRsYzNRR09nWkZWRG9KWTNKdmNFa2lHakU1TWpBdU1IZ3hPVEl3TGpBck1DNHdLekF1TUFZN0IxUTZDM0psYzJsNlpVa2lERFl3TUhnMk1EQUdPd2RVIiwiZXhwIjpudWxsLCJwdXIiOiJ2YXJpYXRpb24ifX0=--708e84ba1c82d270213b950d762fce65a3ee3f4b/haasv2.png,210
https://pitwall.app/rails/active_storage/representations/eyJfcmFpbHMiOnsibWVzc2FnZSI6IkJBaHBSUT09IiwiZXhwIjpudWxsLCJwdXIiOiJibG9iX2lkIn19--a40b32a2f7ccfd6f9b3ead574b668608265ed9ca/eyJfcmFpbHMiOnsibWVzc2FnZSI6IkJBaDdCam9VWTI5dFltbHVaVjl2Y0hScGIyNXpld2c2REdkeVlYWnBkSGxKSWc1T2IzSjBhRmRsYzNRR09nWkZWRG9KWTNKdmNFa2lHakUwTURBdU1IZ3hOREF3TGpBck1DNHdLekF1TUFZN0IxUTZDM0psYzJsNlpVa2lERFl3TUhnMk1EQUdPd2RVIiwiZXhwIjpudWxsLCJwdXIiOiJ2YXJpYXRpb24ifX0=--2bf45af91e3b40465d967c7cbfd3ba01d534fd48/racing_point.png,211
https://pitwall.app/rails/active_storage/representations/eyJfcmFpbHMiOnsibWVzc2FnZSI6IkJBaHBRQT09IiwiZXhwIjpudWxsLCJwdXIiOiJibG9iX2lkIn19--54bf4f2c2d1b827179851414d433e100bb65a667/eyJfcmFpbHMiOnsibWVzc2FnZSI6IkJBaDdCam9VWTI5dFltbHVaVjl2Y0hScGIyNXpld2c2REdkeVlYWnBkSGxKSWc1T2IzSjBhRmRsYzNRR09nWkZWRG9KWTNKdmNFa2lHakU1TWpBdU1IZ3hPVEl3TGpBck1DNHdLekF1TUFZN0IxUTZDM0psYzJsNlpVa2lERFl3TUhnMk1EQUdPd2RVIiwiZXhwIjpudWxsLCJwdXIiOiJ2YXJpYXRpb24ifX0=--708e84ba1c82d270213b950d762fce65a3ee3f4b/alpha_tauri.jpg,213
https://pitwall.app/rails/active_storage/representations/eyJfcmFpbHMiOnsibWVzc2FnZSI6IkJBaHBOQT09IiwiZXhwIjpudWxsLCJwdXIiOiJibG9iX2lkIn19--812e71e1ba7cdcb6511f95cf2daa19b8caf3c0a9/eyJfcmFpbHMiOnsibWVzc2FnZSI6IkJBaDdCam9VWTI5dFltbHVaVjl2Y0hScGIyNXpld2c2REdkeVlYWnBkSGxKSWc1T2IzSjBhRmRsYzNRR09nWkZWRG9KWTNKdmNFa2lKekV3T0RBdU1IZ3hNRGd3TGpBck5ETXpMak14TkRJeU56TTNOREE1TlNzd0xqQUdPd2RVT2d0eVpYTnBlbVZKSWd3Mk1EQjROakF3QmpzSFZBPT0iLCJleHAiOm51bGwsInB1ciI6InZhcmlhdGlvbiJ9fQ==--77e241ea5ab1b9eb30f6bd3d429172887aee0d8f/alpine.jpeg,214
