driverImgUrl,driverId
https://pitwall.app/rails/active_storage/representations/eyJfcmFpbHMiOnsibWVzc2FnZSI6IkJBaHBHdz09IiwiZXhwIjpudWxsLCJwdXIiOiJibG9iX2lkIn19--dfc2d1b89797615a607f2212e831ab836b14a753/eyJfcmFpbHMiOnsibWVzc2FnZSI6IkJBaDdCam9VWTI5dFltbHVaVjl2Y0hScGIyNXpld2c2REdkeVlYWnBkSGxKSWc1T2IzSjBhRmRsYzNRR09nWkZWRG9KWTNKdmNFa2lTRFUwTlM0d05EZ3hORE01TXpJeU1qWjROVFExTGpBME9ERTBNemt6TWpJeU5pc3hNamN1TnpjNE9UZzBPVGsxTlRZeUt6STNMamN6TlRJeU16WTRPREEwTWpFR093ZFVPZ3R5WlhOcGVtVkpJZ3cyTURCNE5qQXdCanNIVkE9PSIsImV4cCI6bnVsbCwicHVyIjoidmFyaWF0aW9uIn19--e3af94e8e343d0b1e15ee20111f1810a5f27281f/hamilton_malaysia_2017.jpg,1
https://pitwall.app/rails/active_storage/representations/eyJfcmFpbHMiOnsibWVzc2FnZSI6IkJBaHBRdz09IiwiZXhwIjpudWxsLCJwdXIiOiJibG9iX2lkIn19--5e504818d2fa7c95914e62ee3ef9fd4bd1067e83/eyJfcmFpbHMiOnsibWVzc2FnZSI6IkJBaDdCam9VWTI5dFltbHVaVjl2Y0hScGIyNXpld2c2REdkeVlYWnBkSGxKSWc1T2IzSjBhRmRsYzNRR09nWkZWRG9KWTNKdmNFa2lTVFkzTWk0NE9UY3hPVFl5TmpFMk9ESjROamN5TGpnNU56RTVOakkyTVRZNE1pczFNUzR4T1RJMU9USTNNamM0TURNM0t6QXVNVEkzTlRreE9UazNOall6TlRVeEJqc0hWRG9MY21WemFYcGxTU0lNTmpBd2VEWXdNQVk3QjFRPSIsImV4cCI6bnVsbCwicHVyIjoidmFyaWF0aW9uIn19--f41392476c6330f4eea38f652707d727d4b1baa5/2016_rosberg_malaysia.jpg,3
https://pitwall.app/rails/active_storage/representations/eyJfcmFpbHMiOnsibWVzc2FnZSI6IkJBaHBIZz09IiwiZXhwIjpudWxsLCJwdXIiOiJibG9iX2lkIn19--fafb7062189bda66b58df09bcd23c958c83f3389/eyJfcmFpbHMiOnsibWVzc2FnZSI6IkJBaDdCam9VWTI5dFltbHVaVjl2Y0hScGIyNXpld2c2REdkeVlYWnBkSGxKSWc1T2IzSjBhRmRsYzNRR09nWkZWRG9KWTNKdmNFa2lKVGc1Tmk0d2VEZzVOaTR3S3pBdU1DczBNUzQwT0RJNU9ETXhNRFF5TXpFMkJqc0hWRG9MY21WemFYcGxTU0lNTmpBd2VEWXdNQVk3QjFRPSIsImV4cCI6bnVsbCwicHVyIjoidmFyaWF0aW9uIn19--b56d383f1a87d7de1b6b1cee022758ebdf1bf004/alonso_2016.jpg,4
https://pitwall.app/rails/active_storage/representations/eyJfcmFpbHMiOnsibWVzc2FnZSI6IkJBaHBGZz09IiwiZXhwIjpudWxsLCJwdXIiOiJibG9iX2lkIn19--a45f09b56e47c6ff4443a5a1bb656e89ce13e325/eyJfcmFpbHMiOnsibWVzc2FnZSI6IkJBaDdCam9VWTI5dFltbHVaVjl2Y0hScGIyNXpld2c2REdkeVlYWnBkSGxKSWc1T2IzSjBhRmRsYzNRR09nWkZWRG9KWTNKdmNFa2lTVEUzTXpFdU5UUXpPVEkxTWpNek5qUjRNVGN6TVM0MU5ETTVNalV5TXpNMk5Dc3dMamd6TkRJd056TTFPVGd4TXpBNE5DczNOaTQyTVRnM01qVXlNVGd4TWprMEJqc0hWRG9MY21WemFYcGxTU0lNTmpBd2VEWXdNQVk3QjFRPSIsImV4cCI6bnVsbCwicHVyIjoidmFyaWF0aW9uIn19--815d50d6bb623e19bdcc88bb4cdeb1955308dd42/raikonnen_barcelona_preseason_test_2019.jpg,8
https://pitwall.app/rails/active_storage/representations/eyJfcmFpbHMiOnsibWVzc2FnZSI6IkJBaHBFQT09IiwiZXhwIjpudWxsLCJwdXIiOiJibG9iX2lkIn19--85a6e707b5b14ff7cc5c51f4ba06f5a80ef093d0/eyJfcmFpbHMiOnsibWVzc2FnZSI6IkJBaDdCam9VWTI5dFltbHVaVjl2Y0hScGIyNXpld2c2REdkeVlYWnBkSGxKSWc1T2IzSjBhRmRsYzNRR09nWkZWRG9KWTNKdmNFa2lMakV3TVRndU16RTNOelUzTURBNU16VjRNVEF4T0M0ek1UYzNOVGN3TURrek5Tc3dMakFyTUM0d0Jqc0hWRG9MY21WemFYcGxTU0lNTmpBd2VEWXdNQVk3QjFRPSIsImV4cCI6bnVsbCwicHVyIjoidmFyaWF0aW9uIn19--515379093fdd483375fad8c248f9f72ee169b72c/kubica_barcelona_preseason_test_2019.jpg,9
https://pitwall.app/rails/active_storage/representations/eyJfcmFpbHMiOnsibWVzc2FnZSI6IkJBaHBRUT09IiwiZXhwIjpudWxsLCJwdXIiOiJibG9iX2lkIn19--f4884bf46f49c60538f537260f181814dee4d4fd/eyJfcmFpbHMiOnsibWVzc2FnZSI6IkJBaDdCam9VWTI5dFltbHVaVjl2Y0hScGIyNXpld2c2REdkeVlYWnBkSGxKSWc1T2IzSjBhRmRsYzNRR09nWkZWRG9KWTNKdmNFa2lTRGd5TlM0ME1EVXhOakUyTkRjeE16UjRPREkxTGpRd05URTJNVFkwTnpFek5Dc3hOVGd1TURreE1UUTVPRFU0TVRBMEt6YzJMamMyTkRReU5qUTVOVGt5TnprR093ZFVPZ3R5WlhOcGVtVkpJZ3cyTURCNE5qQXdCanNIVkE9PSIsImV4cCI6bnVsbCwicHVyIjoidmFyaWF0aW9uIn19--5e06468b58f48dd9c6975159749b14b9ad267b33/2018_felipe_massa.jpg,13
https://pitwall.app/rails/active_storage/representations/eyJfcmFpbHMiOnsibWVzc2FnZSI6IkJBaHBKdz09IiwiZXhwIjpudWxsLCJwdXIiOiJibG9iX2lkIn19--21d79a7e13cea401438d71f25f40186f160c2d20/eyJfcmFpbHMiOnsibWVzc2FnZSI6IkJBaDdCam9VWTI5dFltbHVaVjl2Y0hScGIyNXpld2c2REdkeVlYWnBkSGxKSWc1T2IzSjBhRmRsYzNRR09nWkZWRG9KWTNKdmNFa2lSalF4TVM0NE9EVTFNek00TmpRMk1ERjROREV4TGpnNE5UVXpNemcyTkRZd01Tc3hNRGd1TkRRd016VTFOall6TWpNekt6a3hMamt5TnpVME56SXpPREl5QmpzSFZEb0xjbVZ6YVhwbFNTSU1OakF3ZURZd01BWTdCMVE9IiwiZXhwIjpudWxsLCJwdXIiOiJ2YXJpYXRpb24ifX0=--a9513c5ebf449d3f87025b68ea3d220ba27cc648/button_2012.jpg,18
https://pitwall.app/rails/active_storage/representations/eyJfcmFpbHMiOnsibWVzc2FnZSI6IkJBaHBIQT09IiwiZXhwIjpudWxsLCJwdXIiOiJibG9iX2lkIn19--b3bc0819d22fc722fd7f34e5a28a2634ca7ef4b8/eyJfcmFpbHMiOnsibWVzc2FnZSI6IkJBaDdCam9VWTI5dFltbHVaVjl2Y0hScGIyNXpld2c2REdkeVlYWnBkSGxKSWc1T2IzSjBhRmRsYzNRR09nWkZWRG9KWTNKdmNFa2lTRFV3TlM0MU5UYzJNak13TXpZMU56WjROVEExTGpVMU56WXlNekF6TmpVM05pczNOUzR4TURJNU1EZzJNak01TnpBMUt6RXhMamt5TVRneU1UUXdOVEU0TmprR093ZFVPZ3R5WlhOcGVtVkpJZ3cyTURCNE5qQXdCanNIVkE9PSIsImV4cCI6bnVsbCwicHVyIjoidmFyaWF0aW9uIn19--0955da7dc3cc9ea960744378fe7e66fe82a2a33d/vettel_malaysia_2017.jpg,20
https://pitwall.app/rails/active_storage/representations/eyJfcmFpbHMiOnsibWVzc2FnZSI6IkJBaHBQdz09IiwiZXhwIjpudWxsLCJwdXIiOiJibG9iX2lkIn19--632434c66dc9016e6580f49f3b566aa8c26ab1b8/eyJfcmFpbHMiOnsibWVzc2FnZSI6IkJBaDdCam9VWTI5dFltbHVaVjl2Y0hScGIyNXpld2c2REdkeVlYWnBkSGxKSWc1T2IzSjBhRmRsYzNRR09nWkZWRG9KWTNKdmNFa2lHRGd3TUM0d2VEZ3dNQzR3S3pBdU1Dc3dMakFHT3dkVU9ndHlaWE5wZW1WSklndzJNREI0TmpBd0Jqc0hWQT09IiwiZXhwIjpudWxsLCJwdXIiOiJ2YXJpYXRpb24ifX0=--9002dccde3dcf0350c7eb798cd8ffa4bdbcb87b6/2010_rubens_barrichello_malaysia.jpeg,22
https://pitwall.app/rails/active_storage/representations/eyJfcmFpbHMiOnsibWVzc2FnZSI6IkJBaHBIUT09IiwiZXhwIjpudWxsLCJwdXIiOiJibG9iX2lkIn19--3948ec0263218d0a59e559955844933e4b65215d/eyJfcmFpbHMiOnsibWVzc2FnZSI6IkJBaDdCam9VWTI5dFltbHVaVjl2Y0hScGIyNXpld2c2REdkeVlYWnBkSGxKSWc1T2IzSjBhRmRsYzNRR09nWkZWRG9KWTNKdmNFa2lPekk1T1M0Mk5UYzFOVFE0T1RVeU5qWjRNams1TGpZMU56VTFORGc1TlRJMk5pczROeTQ0T1RFNU1UUXlNRGMwTXpNMEt6QXVNQVk3QjFRNkMzSmxjMmw2WlVraUREWXdNSGcyTURBR093ZFUiLCJleHAiOm51bGwsInB1ciI6InZhcmlhdGlvbiJ9fQ==--0a08708ed9b6abf58c765c9d058a9edf410f78d4/schumacher.jpg,30
https://pitwall.app/rails/active_storage/representations/eyJfcmFpbHMiOnsibWVzc2FnZSI6IkJBaHBUQT09IiwiZXhwIjpudWxsLCJwdXIiOiJibG9iX2lkIn19--b1e3c7b1ad8e0a9613b1e07e7db8ecc303620524/eyJfcmFpbHMiOnsibWVzc2FnZSI6IkJBaDdCam9VWTI5dFltbHVaVjl2Y0hScGIyNXpld2c2REdkeVlYWnBkSGxKSWc1T2IzSjBhRmRsYzNRR09nWkZWRG9KWTNKdmNFa2lPekl6TmpBdU5EazBOVEF4TnpReE5qaDRNak0yTUM0ME9UUTFNREUzTkRFMk9Dc3hNamc1TGpVeE9UVTFNalU1TnpreEt6QXVNQVk3QjFRNkMzSmxjMmw2WlVraUREWXdNSGcyTURBR093ZFUiLCJleHAiOm51bGwsInB1ciI6InZhcmlhdGlvbiJ9fQ==--4be330cc2deb8647ed2a2bc066d560fab9005963/2010_villeneuve.jpg,35
https://pitwall.app/rails/active_storage/representations/eyJfcmFpbHMiOnsibWVzc2FnZSI6IkJBaHBSZz09IiwiZXhwIjpudWxsLCJwdXIiOiJibG9iX2lkIn19--101817096656ed216e7a66883195743c0d54bb5c/eyJfcmFpbHMiOnsibWVzc2FnZSI6IkJBaDdCam9VWTI5dFltbHVaVjl2Y0hScGIyNXpld2c2REdkeVlYWnBkSGxKSWc1T2IzSjBhRmRsYzNRR09nWkZWRG9KWTNKdmNFa2lPekUzTVRjdU16VTFNemN4T1RBd09ETjRNVGN4Tnk0ek5UVXpOekU1TURBNE15c3hNelF1TmpjeU5ESXlNRFUwT1RRNEt6QXVNQVk3QjFRNkMzSmxjMmw2WlVraUREWXdNSGcyTURBR093ZFUiLCJleHAiOm51bGwsInB1ciI6InZhcmlhdGlvbiJ9fQ==--02f4f8203a2bc13948456b0a1d6b26b14de5e83c/2007_hakkinen_dtm.jpg,57
https://pitwall.app/rails/active_storage/representations/eyJfcmFpbHMiOnsibWVzc2FnZSI6IkJBaHBTZz09IiwiZXhwIjpudWxsLCJwdXIiOiJibG9iX2lkIn19--faa758e7146160db51adf2e4cda5802546320826/eyJfcmFpbHMiOnsibWVzc2FnZSI6IkJBaDdCam9VWTI5dFltbHVaVjl2Y0hScGIyNXpld2c2REdkeVlYWnBkSGxKSWc1T2IzSjBhRmRsYzNRR09nWkZWRG9KWTNKdmNFa2lSekV4TkRZdU1qWTROalUyTnpFMk5ESjRNVEUwTmk0eU5qZzJOVFkzTVRZME1pczFPRGN1T0Rnd01qY3dOVEl5TXpnNEt6WXpMall4TkRJMU5UUXhNRFEwT0FZN0IxUTZDM0psYzJsNlpVa2lERFl3TUhnMk1EQUdPd2RVIiwiZXhwIjpudWxsLCJwdXIiOiJ2YXJpYXRpb24ifX0=--c46de7083fd7db57bca96454b2057d7491399a6c/2012_hill.jpg,71
https://pitwall.app/rails/active_storage/representations/eyJfcmFpbHMiOnsibWVzc2FnZSI6IkJBaHBVQT09IiwiZXhwIjpudWxsLCJwdXIiOiJibG9iX2lkIn19--60c7919173247a0fc6b59726f36144e8863bce23/eyJfcmFpbHMiOnsibWVzc2FnZSI6IkJBaDdCam9VWTI5dFltbHVaVjl2Y0hScGIyNXpld2c2REdkeVlYWnBkSGxKSWc1T2IzSjBhRmRsYzNRR09nWkZWRG9KWTNKdmNFa2lKekUwTmpjdU1IZ3hORFkzTGpBck1DNHdLekV5TUM0d05UY3hOVEk0T1RBNE5qVUdPd2RVT2d0eVpYTnBlbVZKSWd3Mk1EQjROakF3QmpzSFZBPT0iLCJleHAiOm51bGwsInB1ciI6InZhcmlhdGlvbiJ9fQ==--4ca15d2a50a7ea62f22da1ba0a1088595678c0bd/mansell.jpg,95
https://pitwall.app/rails/active_storage/representations/eyJfcmFpbHMiOnsibWVzc2FnZSI6IkJBaHBMZz09IiwiZXhwIjpudWxsLCJwdXIiOiJibG9iX2lkIn19--f341b1be622390bb0c03b0aa46fb2f27b22c373a/eyJfcmFpbHMiOnsibWVzc2FnZSI6IkJBaDdCam9VWTI5dFltbHVaVjl2Y0hScGIyNXpld2c2REdkeVlYWnBkSGxKSWc1T2IzSjBhRmRsYzNRR09nWkZWRG9KWTNKdmNFa2lSalF4TUM0NE16STFPVE0wTURJd09YZzBNVEF1T0RNeU5Ua3pOREF5TURrck1UYzRMakl4TVRVd01UTXdNelF4S3pBdU56UTVNVFkyTXpFeE1EWXdNRFkxQmpzSFZEb0xjbVZ6YVhwbFNTSU1OakF3ZURZd01BWTdCMVE9IiwiZXhwIjpudWxsLCJwdXIiOiJ2YXJpYXRpb24ifX0=--8b0badc70bd59c6d35148ab680bf7a44c388cb5a/senna-cropped.jpg,102
https://pitwall.app/rails/active_storage/representations/eyJfcmFpbHMiOnsibWVzc2FnZSI6IkJBaHBTdz09IiwiZXhwIjpudWxsLCJwdXIiOiJibG9iX2lkIn19--f0f0a935f9e4083e5f342dc57abdac9374f19360/eyJfcmFpbHMiOnsibWVzc2FnZSI6IkJBaDdCam9VWTI5dFltbHVaVjl2Y0hScGIyNXpld2c2REdkeVlYWnBkSGxKSWc1T2IzSjBhRmRsYzNRR09nWkZWRG9KWTNKdmNFa2lKekl5TkRRdU1IZ3lNalEwTGpBck1DNHdLek16TGprNE5UQTJOVGs1TkRBM016WUdPd2RVT2d0eVpYTnBlbVZKSWd3Mk1EQjROakF3QmpzSFZBPT0iLCJleHAiOm51bGwsInB1ciI6InZhcmlhdGlvbiJ9fQ==--b9d2b5a2ab8b1d6011c46fd9bca01445d85bdfb7/1984_prost.jpg,117
https://pitwall.app/rails/active_storage/representations/eyJfcmFpbHMiOnsibWVzc2FnZSI6IkJBaHBEZz09IiwiZXhwIjpudWxsLCJwdXIiOiJibG9iX2lkIn19--004496422d9d7e046ea2ab5adbe558d5bc0021d5/eyJfcmFpbHMiOnsibWVzc2FnZSI6IkJBaDdCam9VWTI5dFltbHVaVjl2Y0hScGIyNXpld2c2REdkeVlYWnBkSGxKSWc1T2IzSjBhRmRsYzNRR09nWkZWRG9KWTNKdmNFa2lPamd3TUM0d2VEZ3dNQzR3S3pFdU5URTFPREkwTlRBeU9UVTBPRGhsTFRFekt6UXVOVFEzTkRjek5UQTRPRFkwTmpSbExURXpCanNIVkRvTGNtVnphWHBsU1NJTU5qQXdlRFl3TUFZN0IxUT0iLCJleHAiOm51bGwsInB1ciI6InZhcmlhdGlvbiJ9fQ==--be35ded927e79267e59a719c6eb2253dfd075807/grosjean_malaysia_2016.jpg,154
https://pitwall.app/rails/active_storage/representations/eyJfcmFpbHMiOnsibWVzc2FnZSI6IkJBaHBSdz09IiwiZXhwIjpudWxsLCJwdXIiOiJibG9iX2lkIn19--f3b147297144679cd73ec25e0c6ec5636eea78fb/eyJfcmFpbHMiOnsibWVzc2FnZSI6IkJBaDdCam9VWTI5dFltbHVaVjl2Y0hScGIyNXpld2c2REdkeVlYWnBkSGxKSWc1T2IzSjBhRmRsYzNRR09nWkZWRG9KWTNKdmNFa2lTREl3TVRVdU56QXlORGM1TXpNNE9EUjRNakF4TlM0M01ESTBOemt6TXpnNE5Dc3lNVFV1TWpnMU5EVTJNell4TXpjM0t6SXpNUzQwTlRBM05EQTJOVFF3TlRVR093ZFVPZ3R5WlhOcGVtVkpJZ3cyTURCNE5qQXdCanNIVkE9PSIsImV4cCI6bnVsbCwicHVyIjoidmFyaWF0aW9uIn19--92860cec6e8692d4582356f565edcc980f287d0d/1975_lauda_zandvoort.jpg,182
https://pitwall.app/rails/active_storage/representations/eyJfcmFpbHMiOnsibWVzc2FnZSI6IkJBaHBUdz09IiwiZXhwIjpudWxsLCJwdXIiOiJibG9iX2lkIn19--6897d5cf08b357c083b8af7a2a2518d8d1696432/eyJfcmFpbHMiOnsibWVzc2FnZSI6IkJBaDdCam9VWTI5dFltbHVaVjl2Y0hScGIyNXpld2c2REdkeVlYWnBkSGxKSWc1T2IzSjBhRmRsYzNRR09nWkZWRG9KWTNKdmNFa2lKekUyTURBdU1IZ3hOakF3TGpBck1DNHdLekUyTmk0eE16QTVNRE0wTXpJeE1ETUdPd2RVT2d0eVpYTnBlbVZKSWd3Mk1EQjROakF3QmpzSFZBPT0iLCJleHAiOm51bGwsInB1ciI6InZhcmlhdGlvbiJ9fQ==--2fbd9b69921684df00905ee8fde0865562b3dfdd/1971_stewart_zandvoort.jpg,328
https://pitwall.app/rails/active_storage/representations/eyJfcmFpbHMiOnsibWVzc2FnZSI6IkJBaHBDdz09IiwiZXhwIjpudWxsLCJwdXIiOiJibG9iX2lkIn19--e573c49aee0b2aca86f6bdfad782cf10de74b4fc/eyJfcmFpbHMiOnsibWVzc2FnZSI6IkJBaDdCam9VWTI5dFltbHVaVjl2Y0hScGIyNXpld2c2REdkeVlYWnBkSGxKSWc1T2IzSjBhRmRsYzNRR09nWkZWRG9KWTNKdmNFa2lHRFUxTmk0d2VEVTFOaTR3S3pBdU1Dc3dMakFHT3dkVU9ndHlaWE5wZW1WSklndzJNREI0TmpBd0Jqc0hWQT09IiwiZXhwIjpudWxsLCJwdXIiOiJ2YXJpYXRpb24ifX0=--e393aadde098ea04556988fedc5aa0e66a884b77/gasly_malaysia_2017-cropped.jpg,842
https://pitwall.app/rails/active_storage/representations/eyJfcmFpbHMiOnsibWVzc2FnZSI6IkJBaHBVUT09IiwiZXhwIjpudWxsLCJwdXIiOiJibG9iX2lkIn19--c92fdc096aeca7b1e3002f37068cab8e82f94250/eyJfcmFpbHMiOnsibWVzc2FnZSI6IkJBaDdCam9VWTI5dFltbHVaVjl2Y0hScGIyNXpld2c2REdkeVlYWnBkSGxKSWc1T2IzSjBhRmRsYzNRR09nWkZWRG9KWTNKdmNFa2lHakUwTWpBdU1IZ3hOREl3TGpBck1DNHdLekF1TUFZN0IxUTZDM0psYzJsNlpVa2lERFl3TUhnMk1EQUdPd2RVIiwiZXhwIjpudWxsLCJwdXIiOiJ2YXJpYXRpb24ifX0=--18710d5d1b7420075dfdb71b186ed6dee92b30ef/2014_moss.jpg,475
https://pitwall.app/rails/active_storage/representations/eyJfcmFpbHMiOnsibWVzc2FnZSI6IkJBaHBUZz09IiwiZXhwIjpudWxsLCJwdXIiOiJibG9iX2lkIn19--41d5e60b0d380bacfd26ec8d928c003241805dd4/eyJfcmFpbHMiOnsibWVzc2FnZSI6IkJBaDdCam9VWTI5dFltbHVaVjl2Y0hScGIyNXpld2c2REdkeVlYWnBkSGxKSWc1T2IzSjBhRmRsYzNRR09nWkZWRG9KWTNKdmNFa2lKVGd3TlM0d2VEZ3dOUzR3S3pBdU1Dc3hNRFV1TmpjeU5qYzVPRGM0TURBMEJqc0hWRG9MY21WemFYcGxTU0lNTmpBd2VEWXdNQVk3QjFRPSIsImV4cCI6bnVsbCwicHVyIjoidmFyaWF0aW9uIn19--dd4c9aa4b6752932b244a812809b439342c671c1/fangio.png,579
https://pitwall.app/rails/active_storage/representations/eyJfcmFpbHMiOnsibWVzc2FnZSI6IkJBaHBEdz09IiwiZXhwIjpudWxsLCJwdXIiOiJibG9iX2lkIn19--91373e14ab2aac2bdb810d7d13d9a49adb83ef05/eyJfcmFpbHMiOnsibWVzc2FnZSI6IkJBaDdCam9VWTI5dFltbHVaVjl2Y0hScGIyNXpld2c2REdkeVlYWnBkSGxKSWc1T2IzSjBhRmRsYzNRR09nWkZWRG9KWTNKdmNFa2lPelUwTnk0M056WTNPVEV5TURJM09EZDROVFEzTGpjM05qYzVNVEl3TWpjNE55czFPQzQzTlRFM05ERTFPVFV6TnpjeUt6QXVNQVk3QjFRNkMzSmxjMmw2WlVraUREWXdNSGcyTURBR093ZFUiLCJleHAiOm51bGwsInB1ciI6InZhcmlhdGlvbiJ9fQ==--dd22f7d514842b0a4ffeda6accbf4b64b17a5093/hulkenberg_malaysia_2017.jpg,807
https://pitwall.app/rails/active_storage/representations/eyJfcmFpbHMiOnsibWVzc2FnZSI6IkJBaHBLQT09IiwiZXhwIjpudWxsLCJwdXIiOiJibG9iX2lkIn19--4edd39f7c1dbd27e05e1598f5d0cb8003389f08a/eyJfcmFpbHMiOnsibWVzc2FnZSI6IkJBaDdCam9VWTI5dFltbHVaVjl2Y0hScGIyNXpld2c2REdkeVlYWnBkSGxKSWc1T2IzSjBhRmRsYzNRR09nWkZWRG9KWTNKdmNFa2lPemcyTnk0Mk9UVTBORFkzTkRFNU5qVjRPRFkzTGpZNU5UUTBOamMwTVRrMk5TczROUzR5TXpZeU5USTJOakk0TWpneEt6QXVNQVk3QjFRNkMzSmxjMmw2WlVraUREWXdNSGcyTURBR093ZFUiLCJleHAiOm51bGwsInB1ciI6InZhcmlhdGlvbiJ9fQ==--65ae75f959c5d2c2a5e00b8ad107f3ff0c179a66/di_resta_2014.jpg,814
https://pitwall.app/rails/active_storage/representations/eyJfcmFpbHMiOnsibWVzc2FnZSI6IkJBaHBGUT09IiwiZXhwIjpudWxsLCJwdXIiOiJibG9iX2lkIn19--225c5c91a77b43d311b916f39b58eb223e78385f/eyJfcmFpbHMiOnsibWVzc2FnZSI6IkJBaDdCam9VWTI5dFltbHVaVjl2Y0hScGIyNXpld2c2REdkeVlYWnBkSGxKSWc1T2IzSjBhRmRsYzNRR09nWkZWRG9KWTNKdmNFa2lTREV4TnpNdU5UVXpOekU1TURBNE1qWjRNVEUzTXk0MU5UTTNNVGt3TURneU5pczJOUzR5TlRBek16VTFNamcxT0RFMEt6STFNeTQ1T1RFMU56Z3hOVGN5T0RNR093ZFVPZ3R5WlhOcGVtVkpJZ3cyTURCNE5qQXdCanNIVkE9PSIsImV4cCI6bnVsbCwicHVyIjoidmFyaWF0aW9uIn19--7b213a6c86c2309b3203342ecced4b30ae12419c/perez_barcelona_preseason_test_2019.jpg,815
https://pitwall.app/rails/active_storage/representations/eyJfcmFpbHMiOnsibWVzc2FnZSI6IkJBaHBLdz09IiwiZXhwIjpudWxsLCJwdXIiOiJibG9iX2lkIn19--a1ac4e67713648e91416a2580615f69ef90ba4ac/eyJfcmFpbHMiOnsibWVzc2FnZSI6IkJBaDdCam9VWTI5dFltbHVaVjl2Y0hScGIyNXpld2c2REdkeVlYWnBkSGxKSWc1T2IzSjBhRmRsYzNRR09nWkZWRG9KWTNKdmNFa2lTRFUwTmk0NE1UZ3hPREU0TVRneE9ESjROVFEyTGpneE9ERTRNVGd4T0RFNE1pczNPUzR5TURjMk16VXlOVGt4TXpNMUt6RXhNUzQwTXprME1USTBNell5TnprR093ZFVPZ3R5WlhOcGVtVkpJZ3cyTURCNE5qQXdCanNIVkE9PSIsImV4cCI6bnVsbCwicHVyIjoidmFyaWF0aW9uIn19--2317de1ffa248df8fcae625812cddaaa141917c8/2019_ricciardo.jpg,817
https://pitwall.app/rails/active_storage/representations/eyJfcmFpbHMiOnsibWVzc2FnZSI6IkJBaHBLZz09IiwiZXhwIjpudWxsLCJwdXIiOiJibG9iX2lkIn19--b99eaf60ac9fa2d87809666686da1399da78e8d2/eyJfcmFpbHMiOnsibWVzc2FnZSI6IkJBaDdCam9VWTI5dFltbHVaVjl2Y0hScGIyNXpld2c2REdkeVlYWnBkSGxKSWc1T2IzSjBhRmRsYzNRR09nWkZWRG9KWTNKdmNFa2lHakV6TkRZdU1IZ3hNelEyTGpBck1DNHdLekF1TUFZN0IxUTZDM0psYzJsNlpVa2lERFl3TUhnMk1EQUdPd2RVIiwiZXhwIjpudWxsLCJwdXIiOiJ2YXJpYXRpb24ifX0=--3187445ebf106c3aa526723400c7375420a4fc26/2019_bottas_barcelona_preseason_test-cropped.jpg,822
https://pitwall.app/rails/active_storage/representations/eyJfcmFpbHMiOnsibWVzc2FnZSI6IkJBaHBFdz09IiwiZXhwIjpudWxsLCJwdXIiOiJibG9iX2lkIn19--7a3707900990bd20fde56b828e318728fe1e14b3/eyJfcmFpbHMiOnsibWVzc2FnZSI6IkJBaDdCam9VWTI5dFltbHVaVjl2Y0hScGIyNXpld2c2REdkeVlYWnBkSGxKSWc1T2IzSjBhRmRsYzNRR09nWkZWRG9KWTNKdmNFa2lTVEV3TURJdU5qWXpOelV5TkRjMU9USjRNVEF3TWk0Mk5qTTNOVEkwTnpVNU1pc3dMakV3TVRrNU5qSXpNVE16TURrMk5pc3lORGN1TkRVM05qSXlNelEyTlRZMEJqc0hWRG9MY21WemFYcGxTU0lNTmpBd2VEWXdNQVk3QjFRPSIsImV4cCI6bnVsbCwicHVyIjoidmFyaWF0aW9uIn19--f90b5ee49f42f2ee939b23e5cb25566061fa4a8d/magnussen_barcelona_preseason_test_2019.jpg,825
https://pitwall.app/rails/active_storage/representations/eyJfcmFpbHMiOnsibWVzc2FnZSI6IkJBaHBFUT09IiwiZXhwIjpudWxsLCJwdXIiOiJibG9iX2lkIn19--2d95dc25ebddf4de549a355731a998b39a86946f/eyJfcmFpbHMiOnsibWVzc2FnZSI6IkJBaDdCam9VWTI5dFltbHVaVjl2Y0hScGIyNXpld2c2REdkeVlYWnBkSGxKSWc1T2IzSjBhRmRsYzNRR09nWkZWRG9KWTNKdmNFa2lTREV6TmpRdU5qWXdPRGd6T0RFNU5ERjRNVE0yTkM0Mk5qQTRPRE00TVRrME1Tc3lOekF1TXpBMk9EazBNemsyTlRFMUt6RXVNek0zTmpjME1UZ3hOemN4TWpJR093ZFVPZ3R5WlhOcGVtVkpJZ3cyTURCNE5qQXdCanNIVkE9PSIsImV4cCI6bnVsbCwicHVyIjoidmFyaWF0aW9uIn19--327a727dd765855dc124da5348e695ffa3da4ac2/kvyat_usa_2017.jpg,826
https://pitwall.app/rails/active_storage/representations/eyJfcmFpbHMiOnsibWVzc2FnZSI6IkJBaHBIdz09IiwiZXhwIjpudWxsLCJwdXIiOiJibG9iX2lkIn19--b0c84bf579e113ee730bdc62e85bc704e880eaca/eyJfcmFpbHMiOnsibWVzc2FnZSI6IkJBaDdCam9VWTI5dFltbHVaVjl2Y0hScGIyNXpld2c2REdkeVlYWnBkSGxKSWc1T2IzSjBhRmRsYzNRR09nWkZWRG9KWTNKdmNFa2lPelU0TkM0M09UUTVPVEUxTXpVM01UTjROVGcwTGpjNU5EazVNVFV6TlRjeE15c3lORE11TVRVeE5UVXlNREF5T1RjMkt6QXVNQVk3QjFRNkMzSmxjMmw2WlVraUREWXdNSGcyTURBR093ZFUiLCJleHAiOm51bGwsInB1ciI6InZhcmlhdGlvbiJ9fQ==--9df0c6f904ab9c1feaa24bcf3b1dbf3e90789088/ericsson_silverstone_2018.jpg,828
https://pitwall.app/rails/active_storage/representations/eyJfcmFpbHMiOnsibWVzc2FnZSI6IkJBaHBDQT09IiwiZXhwIjpudWxsLCJwdXIiOiJibG9iX2lkIn19--a02027a8bba0789b16cc68fd9eb6c18825529f0d/eyJfcmFpbHMiOnsibWVzc2FnZSI6IkJBaDdCam9VWTI5dFltbHVaVjl2Y0hScGIyNXpld2c2REdkeVlYWnBkSGxKSWc1T2IzSjBhRmRsYzNRR09nWkZWRG9KWTNKdmNFa2lPelkzTWk0NE9UY3hPVFl5TmpFMk9ESjROamN5TGpnNU56RTVOakkyTVRZNE1pczNOaTQxTWpnNU1UTTFOVEUwTURFNUt6QXVNQVk3QjFRNkMzSmxjMmw2WlVraUREWXdNSGcyTURBR093ZFUiLCJleHAiOm51bGwsInB1ciI6InZhcmlhdGlvbiJ9fQ==--583410e38cb451c214dd4d6d408a102d0d577029/verstappen_malaysia_2017.jpg,830
https://pitwall.app/rails/active_storage/representations/eyJfcmFpbHMiOnsibWVzc2FnZSI6IkJBaHBWUT09IiwiZXhwIjpudWxsLCJwdXIiOiJibG9iX2lkIn19--a241a14504dfa89bb4f4b7dd06d44fda9f41a7e0/eyJfcmFpbHMiOnsibWVzc2FnZSI6IkJBaDdCam9VWTI5dFltbHVaVjl2Y0hScGIyNXpld2c2REdkeVlYWnBkSGxKSWc1T2IzSjBhRmRsYzNRR09nWkZWRG9KWTNKdmNFa2lSekU1TlRndU5qWTFNRFUzT1RrNE1qaDRNVGsxT0M0Mk5qVXdOVGM1T1RneU9DczNNVE11T0RFMU1EVTFPREV4TVRJM0t6UTBMamt5TmpNeU1UZzNPVGd6T1FZN0IxUTZDM0psYzJsNlpVa2lERFl3TUhnMk1EQUdPd2RVIiwiZXhwIjpudWxsLCJwdXIiOiJ2YXJpYXRpb24ifX0=--8c9fffbd7b38c90cd4fe289f4e85dd788e5adba9/2022_sainz_austria.jpg,832
https://pitwall.app/rails/active_storage/representations/eyJfcmFpbHMiOnsibWVzc2FnZSI6IkJBaHBRZz09IiwiZXhwIjpudWxsLCJwdXIiOiJibG9iX2lkIn19--b5c3ce499f9debe97da789130408209683c8d156/eyJfcmFpbHMiOnsibWVzc2FnZSI6IkJBaDdCam9VWTI5dFltbHVaVjl2Y0hScGIyNXpld2c2REdkeVlYWnBkSGxKSWc1T2IzSjBhRmRsYzNRR09nWkZWRG9KWTNKdmNFa2lPelkzTWk0NE9UY3hPVFl5TmpFMk9ESjROamN5TGpnNU56RTVOakkyTVRZNE1pc3lNQzR4TmprMk5qWXpNalU1TXpRMkt6QXVNQVk3QjFRNkMzSmxjMmw2WlVraUREWXdNSGcyTURBR093ZFUiLCJleHAiOm51bGwsInB1ciI6InZhcmlhdGlvbiJ9fQ==--a9f76cafe5b8ed020b11b18833584933ea5dfb8f/2016_palmer_malaysia.jpg,835
https://pitwall.app/rails/active_storage/representations/eyJfcmFpbHMiOnsibWVzc2FnZSI6IkJBaHBKQT09IiwiZXhwIjpudWxsLCJwdXIiOiJibG9iX2lkIn19--8aa8e3a1fd56e3ff242b0e38554e3e92d9634614/eyJfcmFpbHMiOnsibWVzc2FnZSI6IkJBaDdCam9VWTI5dFltbHVaVjl2Y0hScGIyNXpld2c2REdkeVlYWnBkSGxKSWc1T2IzSjBhRmRsYzNRR09nWkZWRG9KWTNKdmNFa2lTRE16Tnk0NE16azNOVGcyTXpVMk56ZDRNek0zTGpnek9UYzFPRFl6TlRZM055c3hPVGt1T1RjME56UTVORFV4TWpNMkt6RXpOQzR6TURFek9UY3hNVGMwT1RrR093ZFVPZ3R5WlhOcGVtVkpJZ3cyTURCNE5qQXdCanNIVkE9PSIsImV4cCI6bnVsbCwicHVyIjoidmFyaWF0aW9uIn19--84dde84cbb6321aa0baf94e1aedcd38e1ed78394/vandoorne_malaysia_2017.jpg,838
https://pitwall.app/rails/active_storage/representations/eyJfcmFpbHMiOnsibWVzc2FnZSI6IkJBaHBJZz09IiwiZXhwIjpudWxsLCJwdXIiOiJibG9iX2lkIn19--1db043e5e10ee9d47b0f2199becc1802e90f84a5/eyJfcmFpbHMiOnsibWVzc2FnZSI6IkJBaDdCam9VWTI5dFltbHVaVjl2Y0hScGIyNXpld2c2REdkeVlYWnBkSGxKSWc1T2IzSjBhRmRsYzNRR09nWkZWRG9KWTNKdmNFa2lPelkzTWk0NE9UY3hPVFl5TmpFMk9ESjROamN5TGpnNU56RTVOakkyTVRZNE1pc3hNRE11TkRNeU9UTTJOakl6T0RNeUt6QXVNQVk3QjFRNkMzSmxjMmw2WlVraUREWXdNSGcyTURBR093ZFUiLCJleHAiOm51bGwsInB1ciI6InZhcmlhdGlvbiJ9fQ==--3d03222fa9418172cb5c1a4019e632a78db67d8b/ocon_malaysia_2017.jpg,839
https://pitwall.app/rails/active_storage/representations/eyJfcmFpbHMiOnsibWVzc2FnZSI6IkJBaHBKUT09IiwiZXhwIjpudWxsLCJwdXIiOiJibG9iX2lkIn19--5a489f94886467c89fc5a5a1baf4443a48c8bb0b/eyJfcmFpbHMiOnsibWVzc2FnZSI6IkJBaDdCam9VWTI5dFltbHVaVjl2Y0hScGIyNXpld2c2REdkeVlYWnBkSGxKSWc1T2IzSjBhRmRsYzNRR09nWkZWRG9KWTNKdmNFa2lPelkzTkM0d01UZzJPVEUxT0RnM09EVjROamMwTGpBeE9EWTVNVFU0T0RjNE5Tc3pNaTR6TVRBME1EY3lNelUyT0RreUt6QXVNQVk3QjFRNkMzSmxjMmw2WlVraUREWXdNSGcyTURBR093ZFUiLCJleHAiOm51bGwsInB1ciI6InZhcmlhdGlvbiJ9fQ==--c5c4f489e5425c4ccba0c7b7debec1e726005934/stroll_malaysia_2017.jpg,840
https://pitwall.app/rails/active_storage/representations/eyJfcmFpbHMiOnsibWVzc2FnZSI6IkJBaHBEUT09IiwiZXhwIjpudWxsLCJwdXIiOiJibG9iX2lkIn19--4891538a28cb3fa0130d733a9199fa262df9d28e/eyJfcmFpbHMiOnsibWVzc2FnZSI6IkJBaDdCam9VWTI5dFltbHVaVjl2Y0hScGIyNXpld2c2REdkeVlYWnBkSGxKSWc1T2IzSjBhRmRsYzNRR09nWkZWRG9KWTNKdmNFa2lSamswTUM0eU1EZ3dORGd5T0RNd09YZzVOREF1TWpBNE1EUTRNamd6TURrck1URTBMamc0T0RFMU9UTXdORGN4TXlzeU1EY3VPVFE1TkRrek9ERTNPREE0QmpzSFZEb0xjbVZ6YVhwbFNTSU1OakF3ZURZd01BWTdCMVE9IiwiZXhwIjpudWxsLCJwdXIiOiJ2YXJpYXRpb24ifX0=--acf1dfe855e570fbdf3ed849646ba23f793db0e5/giovinazzi_barcelona_preseason_test_2019.jpg,841
https://pitwall.app/rails/active_storage/representations/eyJfcmFpbHMiOnsibWVzc2FnZSI6IkJBaHBJUT09IiwiZXhwIjpudWxsLCJwdXIiOiJibG9iX2lkIn19--e8b8972fa0299da88e0161d3f83f47c8c0d06d8c/eyJfcmFpbHMiOnsibWVzc2FnZSI6IkJBaDdCam9VWTI5dFltbHVaVjl2Y0hScGIyNXpld2c2REdkeVlYWnBkSGxKSWc1T2IzSjBhRmRsYzNRR09nWkZWRG9KWTNKdmNFa2lPekV4TURZdU5EUXdOalEyTVRNd056TjRNVEV3Tmk0ME5EQTJORFl4TXpBM015c3hNamd1T1RreU5UUXhOVGd3TkRnM0t6QXVNQVk3QjFRNkMzSmxjMmw2WlVraUREWXdNSGcyTURBR093ZFUiLCJleHAiOm51bGwsInB1ciI6InZhcmlhdGlvbiJ9fQ==--6e7d5c50f88e8160772c887ee288d1b02365397b/hartley_usa_2017.jpg,843
https://pitwall.app/rails/active_storage/representations/eyJfcmFpbHMiOnsibWVzc2FnZSI6IkJBaHBMQT09IiwiZXhwIjpudWxsLCJwdXIiOiJibG9iX2lkIn19--7bedb2b5bdadd2d87a9d13bc64d91ddbd866e3ac/eyJfcmFpbHMiOnsibWVzc2FnZSI6IkJBaDdCam9VWTI5dFltbHVaVjl2Y0hScGIyNXpld2c2REdkeVlYWnBkSGxKSWc1T2IzSjBhRmRsYzNRR09nWkZWRG9KWTNKdmNFa2lHRFUwTmk0d2VEVTBOaTR3S3pBdU1Dc3dMakFHT3dkVU9ndHlaWE5wZW1WSklndzJNREI0TmpBd0Jqc0hWQT09IiwiZXhwIjpudWxsLCJwdXIiOiJ2YXJpYXRpb24ifX0=--b45bbd0bfc3f9d1258930ee4c65d76ee852874a0/2019_leclerc.jpg,844
https://pitwall.app/rails/active_storage/representations/eyJfcmFpbHMiOnsibWVzc2FnZSI6IkJBaHBJdz09IiwiZXhwIjpudWxsLCJwdXIiOiJibG9iX2lkIn19--ea368d9338ef5e2ed8417028a6cd4388f0c226a8/eyJfcmFpbHMiOnsibWVzc2FnZSI6IkJBaDdCam9VWTI5dFltbHVaVjl2Y0hScGIyNXpld2c2REdkeVlYWnBkSGxKSWc1T2IzSjBhRmRsYzNRR09nWkZWRG9KWTNKdmNFa2lSemc1TWk0d01EVTROekF3T0RVM016UjRPRGt5TGpBd05UZzNNREE0TlRjek5Dc3hPRGN1TmpRNE5USTBOVE00TlRBekt6STNOaTQwTVRneU9EWTJNREl6TlFZN0IxUTZDM0psYzJsNlpVa2lERFl3TUhnMk1EQUdPd2RVIiwiZXhwIjpudWxsLCJwdXIiOiJ2YXJpYXRpb24ifX0=--d0568798c38546fc0ef6e077e2af2ef38a2e748f/sirotkin.jpg,845
https://pitwall.app/rails/active_storage/representations/eyJfcmFpbHMiOnsibWVzc2FnZSI6IkJBaHBGQT09IiwiZXhwIjpudWxsLCJwdXIiOiJibG9iX2lkIn19--1b3a01fcda4fb314095d656967a79e37b2067d5c/eyJfcmFpbHMiOnsibWVzc2FnZSI6IkJBaDdCam9VWTI5dFltbHVaVjl2Y0hScGIyNXpld2c2REdkeVlYWnBkSGxKSWc1T2IzSjBhRmRsYzNRR09nWkZWRG9KWTNKdmNFa2lKekUzTURVdU1IZ3hOekExTGpBck1DNHdLemN5TGpVM056Z3pPRFkwTXpNNU1Ua0dPd2RVT2d0eVpYTnBlbVZKSWd3Mk1EQjROakF3QmpzSFZBPT0iLCJleHAiOm51bGwsInB1ciI6InZhcmlhdGlvbiJ9fQ==--9ce53b7fa19eed72e8fa74404c3db5737e2fb608/norris_barcelona_preseason_test_2019.jpg,846
https://pitwall.app/rails/active_storage/representations/eyJfcmFpbHMiOnsibWVzc2FnZSI6IkJBaHBHQT09IiwiZXhwIjpudWxsLCJwdXIiOiJibG9iX2lkIn19--6763ce65979b37c175cbcef025c8362170cfa34e/eyJfcmFpbHMiOnsibWVzc2FnZSI6IkJBaDdCam9VWTI5dFltbHVaVjl2Y0hScGIyNXpld2c2REdkeVlYWnBkSGxKSWc1T2IzSjBhRmRsYzNRR09nWkZWRG9KWTNKdmNFa2lTVEV4T0RndU9EZzJNall6T1RVeU1UZDRNVEU0T0M0NE9EWXlOak01TlRJeE55c3hORGN1TXpJMk1ESTVOVGcxT0RNeEt6QXVPRFkwTWpNMU5UVTVNekEyTURRNUJqc0hWRG9MY21WemFYcGxTU0lNTmpBd2VEWXdNQVk3QjFRPSIsImV4cCI6bnVsbCwicHVyIjoidmFyaWF0aW9uIn19--11c3f5aee31128116884e13104778cf74ba4e7f9/russel_barcelona_preseason_test_2019.jpg,847
https://pitwall.app/rails/active_storage/representations/eyJfcmFpbHMiOnsibWVzc2FnZSI6IkJBaHBCdz09IiwiZXhwIjpudWxsLCJwdXIiOiJibG9iX2lkIn19--9f7248c954ee8b188b7bddc9d1f7c2b490184525/eyJfcmFpbHMiOnsibWVzc2FnZSI6IkJBaDdCam9VWTI5dFltbHVaVjl2Y0hScGIyNXpld2c2REdkeVlYWnBkSGxKSWc1T2IzSjBhRmRsYzNRR09nWkZWRG9KWTNKdmNFa2lSakV4TnprdU56RTROVEF6TWpNeU1UVjRNVEUzT1M0M01UZzFNRE15TXpJeE5Tc3dMakk0T0RRNU56STBNVE01TVNzeU1qRXVNalV6TVRBMk9ERTRORGsyQmpzSFZEb0xjbVZ6YVhwbFNTSU1OakF3ZURZd01BWTdCMVE9IiwiZXhwIjpudWxsLCJwdXIiOiJ2YXJpYXRpb24ifX0=--ca4a8f2308761ba8c9b69c716d8090352533d7e2/albon_barcelona_preseason_test_2019.jpg,848
https://pitwall.app/rails/active_storage/representations/eyJfcmFpbHMiOnsibWVzc2FnZSI6IkJBaHBBWUE9IiwiZXhwIjpudWxsLCJwdXIiOiJibG9iX2lkIn19--d3ecb15d69d91feeddb4bcfbf62dd5c1505ec717/eyJfcmFpbHMiOnsibWVzc2FnZSI6IkJBaDdCam9VWTI5dFltbHVaVjl2Y0hScGIyNXpld2c2REdkeVlYWnBkSGxKSWc1T2IzSjBhRmRsYzNRR09nWkZWRG9KWTNKdmNFa2lPekV3TmpNdU5EVXhPVFV3TURBek5ERjRNVEEyTXk0ME5URTVOVEF3TURNME1Tc3lOekV1TURFek9UUTNPRGMxTVRNMUt6QXVNQVk3QjFRNkMzSmxjMmw2WlVraUREWXdNSGcyTURBR093ZFUiLCJleHAiOm51bGwsInB1ciI6InZhcmlhdGlvbiJ9fQ==--f9aca9fcd7e39bfd91b40c485f646b2926dab4e7/2022_latifi_austria_2.jpg,849
https://pitwall.app/rails/active_storage/representations/eyJfcmFpbHMiOnsibWVzc2FnZSI6IkJBaHBQZz09IiwiZXhwIjpudWxsLCJwdXIiOiJibG9iX2lkIn19--09590dd301d370b7ad039ce5751cb2047772a6db/eyJfcmFpbHMiOnsibWVzc2FnZSI6IkJBaDdCam9VWTI5dFltbHVaVjl2Y0hScGIyNXpld2c2REdkeVlYWnBkSGxKSWc1T2IzSjBhRmRsYzNRR09nWkZWRG9KWTNKdmNFa2lSamcwTmk0M01qZzVOekU1TmpJMk1UZDRPRFEyTGpjeU9EazNNVGsyTWpZeE55czFOUzR6TXpVME1EVTROalkyTnpZMEt6VTBMalkzTmpBMU1qSXdNRFEyQmpzSFZEb0xjbVZ6YVhwbFNTSU1OakF3ZURZd01BWTdCMVE9IiwiZXhwIjpudWxsLCJwdXIiOiJ2YXJpYXRpb24ifX0=--0e8977fec217fd9778a8ca99df74e6a21b7d2638/2018_jack_aitken_assen.jpeg,851
https://pitwall.app/rails/active_storage/representations/eyJfcmFpbHMiOnsibWVzc2FnZSI6IkJBaHBWZz09IiwiZXhwIjpudWxsLCJwdXIiOiJibG9iX2lkIn19--aa4b38af4ee4bfa7a9833aa25c61f966b341ef0f/eyJfcmFpbHMiOnsibWVzc2FnZSI6IkJBaDdCam9VWTI5dFltbHVaVjl2Y0hScGIyNXpld2c2REdkeVlYWnBkSGxKSWc1T2IzSjBhRmRsYzNRR09nWkZWRG9KWTNKdmNFa2lHRFkwTUM0d2VEWTBNQzR3S3pBdU1Dc3dMakFHT3dkVU9ndHlaWE5wZW1WSklndzJNREI0TmpBd0Jqc0hWQT09IiwiZXhwIjpudWxsLCJwdXIiOiJ2YXJpYXRpb24ifX0=--c05a8d3e1fd1aa7bd8668267906b926f74da2c83/2021_yuki_tsunoda_cota.jpeg,852
https://pitwall.app/rails/active_storage/representations/eyJfcmFpbHMiOnsibWVzc2FnZSI6IkJBaHBQUT09IiwiZXhwIjpudWxsLCJwdXIiOiJibG9iX2lkIn19--df15fde02c58eae2bdb4ae458edf35d43c513160/eyJfcmFpbHMiOnsibWVzc2FnZSI6IkJBaDdCam9VWTI5dFltbHVaVjl2Y0hScGIyNXpld2c2REdkeVlYWnBkSGxKSWc1T2IzSjBhRmRsYzNRR09nWkZWRG9KWTNKdmNFa2lNall3TUM0d2VEWXdNQzR3S3pVNExqRXdORFl6T1RBeU1UUTNPVGNyTVRZdU5UazNNekk1T1RVeU1qWTNNd1k3QjFRNkMzSmxjMmw2WlVraUREWXdNSGcyTURBR093ZFUiLCJleHAiOm51bGwsInB1ciI6InZhcmlhdGlvbiJ9fQ==--ad47b6cf3740c82b824eaaf72c9a0dfd92fd7b80/2019_nikita_mazepin.jpeg,853
https://pitwall.app/rails/active_storage/representations/eyJfcmFpbHMiOnsibWVzc2FnZSI6IkJBaHBPdz09IiwiZXhwIjpudWxsLCJwdXIiOiJibG9iX2lkIn19--0c72459043090c789138abb5bdd0c870cf520661/eyJfcmFpbHMiOnsibWVzc2FnZSI6IkJBaDdCam9VWTI5dFltbHVaVjl2Y0hScGIyNXpld2c2REdkeVlYWnBkSGxKSWc1T2IzSjBhRmRsYzNRR09nWkZWRG9KWTNKdmNFa2lKVGt4TkM0d2VEa3hOQzR3S3pBdU1DczJPUzR3TkRjMk16YzJOakl3TWpBMUJqc0hWRG9MY21WemFYcGxTU0lNTmpBd2VEWXdNQVk3QjFRPSIsImV4cCI6bnVsbCwicHVyIjoidmFyaWF0aW9uIn19--d16a9265044fec796ba6e390ef4397220a3d7544/2019_mick_schumacher_charity.jpeg,854
https://pitwall.app/rails/active_storage/representations/eyJfcmFpbHMiOnsibWVzc2FnZSI6IkJBaHBWQT09IiwiZXhwIjpudWxsLCJwdXIiOiJibG9iX2lkIn19--6ecebafa82ed6f6a06812e911c10460db3e9a785/eyJfcmFpbHMiOnsibWVzc2FnZSI6IkJBaDdCam9VWTI5dFltbHVaVjl2Y0hScGIyNXpld2c2REdkeVlYWnBkSGxKSWc1T2IzSjBhRmRsYzNRR09nWkZWRG9KWTNKdmNFa2lKekV3TURBdU1IZ3hNREF3TGpBck1DNHdLekV4TUM0NE1ERXpNRGd6TnpFNE1EUUdPd2RVT2d0eVpYTnBlbVZKSWd3Mk1EQjROakF3QmpzSFZBPT0iLCJleHAiOm51bGwsInB1ciI6InZhcmlhdGlvbiJ9fQ==--f60cb556869e86c99e31318f00cb162049218883/2022_zhou_austria-resized.jpg,855
https://pitwall.app/rails/active_storage/representations/eyJfcmFpbHMiOnsibWVzc2FnZSI6IkJBaHBBWUU9IiwiZXhwIjpudWxsLCJwdXIiOiJibG9iX2lkIn19--d699f1172f4182476bd0c92805972bfef0106450/eyJfcmFpbHMiOnsibWVzc2FnZSI6IkJBaDdCam9VWTI5dFltbHVaVjl2Y0hScGIyNXpld2c2REdkeVlYWnBkSGxKSWc1T2IzSjBhRmRsYzNRR09nWkZWRG9KWTNKdmNFa2lPRFl4T1M0d01EZ3lOalEwTmpJNE1YZzJNVGt1TURBNE1qWTBORFl5T0RFck1USTVMams1TVRjek5UVXpOekU1S3pBdU1BWTdCMVE2QzNKbGMybDZaVWtpRERZd01IZzJNREFHT3dkVSIsImV4cCI6bnVsbCwicHVyIjoidmFyaWF0aW9uIn19--20b29102ba53565723ca9bd06a7ed13b4cd96108/de_vries_2019.jpg,856
